Country,Year,PPP_T,PPP_I,GB_T,GB_I,MIVA,DCM,GFCFM,MFDI,treated,control,country_num,ln_PPP_T,ln_PPP_I,ln_GB_T,ln_GB_I,ln_MIVA,ln_DCM,ln_GFCFM,ln_MFDI
Angola,2015,2300,715,0,0,0.128,0.052,2354,621,1,0,1,7.740664959,6.572283745,-6.907755375,-6.907755375,-2.047942877,-2.937463284,7.76387167,6.431332588
Angola,2016,2500,776.5,0,0,0.094,0.05,1982,384,1,0,1,7.824046612,6.654798031,-6.907755375,-6.907755375,-2.353878498,-2.975929737,7.591862202,5.95064497
Angola,2017,2700,848,0,0,0.067,0.048,1623,243,1,0,1,7.901007652,6.742881775,-6.907755375,-6.907755375,-2.688247681,-3.015934944,7.392032146,5.493065357
Angola,2018,2900,924.5,0,0,0.065,0.046,1348,182,1,0,1,7.972466469,6.82925415,-6.907755375,-6.907755375,-2.718100548,-3.057607651,7.206377983,5.204012394
Angola,2019,3100,1001,0,0,0.071,0.044,1127,142,1,0,1,8.039157867,6.908755779,-6.907755375,-6.907755375,-2.631089211,-3.101092815,7.027315617,4.955833912
Angola,2020,3300,1077.5,0,0,0.067,0.042,842,87,1,0,1,8.101677895,6.98239994,-6.907755375,-6.907755375,-2.688247681,-3.146555185,6.735781193,4.465919495
Angola,2021,3500,1154,0,0,0.068,0.04,987,102,1,0,1,8.160518646,7.050990105,-6.907755375,-6.907755375,-2.673648834,-3.194183111,6.894670963,4.624982834
Angola,2022,3700,1230.5,0,750,0.074344,0.038,1142,121,1,0,1,8.216088295,7.115176678,-6.907755375,6.620074749,-2.585690975,-3.244193554,7.040537357,4.795798779
Brazil,2015,10200,1500,380,0,0.1052,0.154,122100,21300,1,0,2,9.230143547,7.313220978,5.940174103,-6.907755375,-2.242431164,-1.864330173,11.71259594,9.966462135
Brazil,2016,13800,2200,550,0,0.1079,0.122,83200,18200,1,0,2,9.532423973,7.696213245,6.309920311,-6.907755375,-2.217325211,-2.095571041,11.32900238,9.809177399
Brazil,2017,18300,2900,400,0,0.1072,0.094,68300,16400,1,0,2,9.814656258,7.972466469,5.991466999,-6.907755375,-2.223773956,-2.353878498,11.13166523,9.705037117
Brazil,2018,23400,3600,800,0,0.1053,0.078,72400,14800,1,0,2,10.06049156,8.188689232,6.684612751,-6.907755375,-2.241489887,-2.538307428,11.18996143,9.60238266
Brazil,2019,28500,4300,1350,0,0.1033,0.064,64200,12700,1,0,2,10.25765896,8.366370201,7.20786047,-6.907755375,-2.26048398,-2.73336792,11.06975842,9.449357033
Brazil,2020,33600,5000,5720,0,0.1069,0.058,51300,8900,1,0,2,10.42228127,8.517193794,8.651723862,-6.907755375,-2.226550341,-2.830217838,10.84544563,9.093806267
Brazil,2021,38700,5700,11654,132,0.1022,0.062,61500,10400,1,0,2,10.56359482,8.64822197,9.363405228,4.882809639,-2.271086454,-2.764620543,11.02679253,9.24956131
Brazil,2022,43800,6400,337,0,0.1112,0.066,69800,12100,1,0,2,10.68738937,8.764053345,5.820086002,-6.907755375,-2.187472343,-2.703062773,11.15338898,9.400960922
Cameroon,2015,750,250,0,0,0.124,0.088,1302,221,1,0,3,6.620074749,5.521464825,-6.907755375,-6.907755375,-2.079441547,-2.419118881,7.171657562,5.398167133
Cameroon,2016,820,280,0,0,0.124,0.085,1387,184,1,0,3,6.709305763,5.634793282,-6.907755375,-6.907755375,-2.079441547,-2.453408003,7.234899044,5.214941025
Cameroon,2017,900,310,0,0,0.124,0.082,1476,162,1,0,3,6.802395821,5.736575603,-6.907755375,-6.907755375,-2.079441547,-2.488914728,7.297091484,5.087602615
Cameroon,2018,980,340,0,0,0.124,0.08,1569,143,1,0,3,6.887553692,5.828948498,-6.907755375,-6.907755375,-2.079441547,-2.513306141,7.358194351,4.962851524
Cameroon,2019,1060,370,0,0,0.124,0.078,1666,125,1,0,3,6.966025352,5.913505554,-6.907755375,-6.907755375,-2.079441547,-2.538307428,7.418181419,4.828321934
Cameroon,2020,1140,400,0,0,0.129,0.074,1523,87,1,0,3,7.038784504,5.991466999,-6.907755375,-6.907755375,-2.040220737,-2.590267181,7.328437805,4.465919495
Cameroon,2021,1220,430,176,0,0.131,0.071,1638,98,1,0,3,7.10660696,6.06378746,5.170489788,-6.907755375,-2.024953365,-2.631089211,7.401231766,4.584977627
Cameroon,2022,1300,460,0,0,0.129,0.068,1756,112,1,0,3,7.170120239,6.131228447,-6.907755375,-6.907755375,-2.040220737,-2.673648834,7.470794201,4.718507767
Chad,2015,0,0,0,0,0.034,0.051,432,61,0,1,4,-6.907755375,-6.907755375,-6.907755375,-6.907755375,-3.352407217,-2.956511497,6.06842804,4.110890388
Chad,2016,0,0,0,0,0.032,0.042,378,43,0,1,4,-6.907755375,-6.907755375,-6.907755375,-6.907755375,-3.41124773,-3.146555185,5.934896946,3.761223316
Chad,2017,0,0,0,0,0.03,0.037,334,32,0,1,4,-6.907755375,-6.907755375,-6.907755375,-6.907755375,-3.473767996,-3.27016902,5.811143875,3.465767145
Chad,2018,0,0,0,0,0.028,0.032,298,24,0,1,4,-6.907755375,-6.907755375,-6.907755375,-6.907755375,-3.540459394,-3.41124773,5.697096825,3.178095579
Chad,2019,0,0,0,0,0.026,0.028,268,18,0,1,4,-6.907755375,-6.907755375,-6.907755375,-6.907755375,-3.611918449,-3.540459394,5.590990543,2.890427351
Chad,2020,0,0,0,0,0.024,0.024,203,14,0,1,4,-6.907755375,-6.907755375,-6.907755375,-6.907755375,-3.68887949,-3.68887949,5.313210964,2.639128685
Chad,2021,0,0,0,0,0.022,0.021,244,16,0,1,4,-6.907755375,-6.907755375,-6.907755375,-6.907755375,-3.772261143,-3.816712856,5.497172356,2.772651196
Chad,2022,0,0,0,0,0.02,0.018,286,19,0,1,4,-6.907755375,-6.907755375,-6.907755375,-6.907755375,-3.863232851,-3.963316202,5.655995369,2.944491625
China,2015,66500,33250,76400,3627,0.284,0.542,2981542,124000,1,0,5,11.10495758,10.41180992,11.24373817,8.19616127,-1.25526607,-0.61064595,14.90795135,11.72803688
China,2016,71100,35550,67800,4803,0.281,0.519,3186185,126000,1,0,5,11.17184258,10.47869587,11.12431717,8.476996422,-1.26584816,-0.653926492,14.97433472,11.74403763
China,2017,75800,37900,81000,4312,0.277,0.496,3419123,134000,1,0,5,11.2358532,10.54270649,11.30220413,8.369157791,-1.280134201,-0.699165225,15.04489422,11.8055954
China,2018,80500,40250,95400,5606,0.273,0.476,3625341,141000,1,0,5,11.29601288,10.60286522,11.46583366,8.631592751,-1.29462719,-0.740238786,15.10345936,11.85651493
China,2019,85200,42600,131900,6514,0.269,0.457,3786214,143000,1,0,5,11.3527565,10.65960979,11.78979969,8.781708717,-1.309333324,-0.780886114,15.14687729,11.87059975
China,2020,90000,45000,147500,8667,0.266,0.438,3449782,147000,1,0,5,11.40756512,10.71441746,11.90158367,9.067277908,-1.320506573,-0.823255837,15.05382156,11.89818764
China,2021,94900,47450,180300,5135,0.263,0.418,3733446,154000,1,0,5,11.46057892,10.76743221,12.10237789,8.54383564,-1.331806183,-0.869884372,15.13284206,11.94470787
China,2022,99800,49900,124400,8562,0.277,0.399,4034987,163000,1,0,5,11.51092339,10.81777668,11.73125744,9.055088997,-1.280134201,-0.91629076,15.21051407,12.00150585
Ethiopia,2015,140,42,0,0,0.145,0.102,2063,923,1,0,6,4.941649437,3.73769331,-6.907755375,-6.907755375,-1.924148679,-2.273026228,7.631917,6.82763052
Ethiopia,2016,156,46.8,0,0,0.153,0.113,2282,1142,1,0,6,5.049862385,3.845904589,-6.907755375,-6.907755375,-1.870802641,-2.17155695,7.732808113,7.040537357
Ethiopia,2017,172,51.6,0,0,0.162,0.122,2523,1287,1,0,6,5.147500515,3.94354105,-6.907755375,-6.907755375,-1.814005136,-2.095571041,7.833204269,7.160069942
Ethiopia,2018,188,56.4,0,0,0.171,0.13,2785,1412,1,0,6,5.236447334,4.032486916,-6.907755375,-6.907755375,-1.76026082,-2.032557964,7.932003498,7.252763271
Ethiopia,2019,204,61.2,0,0,0.18,0.137,3059,1532,1,0,6,5.318124771,4.114163399,-6.907755375,-6.907755375,-1.709258199,-1.980501652,8.02584362,7.334330082
Ethiopia,2020,220,66,0,0,0.189,0.132,2672,1243,1,0,6,5.393631935,4.189670086,-6.907755375,-6.907755375,-1.660731196,-2.017406225,7.890583038,7.125283718
Ethiopia,2021,236,70.8,1000,0,0.198,0.128,2946,1382,1,0,6,5.463836193,4.259872913,6.907756329,-6.907755375,-1.614450455,-2.047942877,7.988204002,7.231287956
Ethiopia,2022,252,75.6,0,0,0.207,0.124,3228,1512,1,0,6,5.52943325,4.325469494,-6.907755375,-6.907755375,-1.570217252,-2.079441547,8.079618454,7.321189404
France,2015,25000,7500,2533,1469,0.103,0.449,225600,29300,1,0,7,10.12663078,8.922657967,7.83716011,7.292337894,-2.263364315,-0.79850769,12.32651901,10.28534317
France,2016,28000,8400,4591,3572,0.102,0.427,224200,25400,1,0,7,10.23995972,9.0359869,8.431853294,8.1808815,-2.273026228,-0.848632097,12.32029343,10.14250469
France,2017,31000,9300,3859,2062,0.101,0.411,222300,22900,1,0,7,10.34174252,9.137769699,8.258163452,7.631432056,-2.282782555,-0.886731923,12.31178284,10.03889179
France,2018,34000,10200,7086,6059,0.099,0.395,219800,20200,1,0,7,10.43411541,9.230143547,8.865876198,8.709300041,-2.302585125,-0.926341057,12.30047321,9.913437843
France,2019,37000,11100,10896,3887,0.097,0.38,214400,18400,1,0,7,10.51867294,9.314700127,9.296151161,8.265393257,-2.322787762,-0.964955926,12.27559853,9.820105553
France,2020,40000,12000,15470,6681,0.089,0.366,195600,14100,1,0,7,10.59663486,9.392662048,9.646657944,8.807023048,-2.407945633,-1.002393484,12.1838274,9.553930283
France,2021,43000,12900,19521,6450,0.093,0.352,211400,16300,1,0,7,10.6689558,9.464982986,9.879245758,8.771835327,-2.364460468,-1.041287184,12.26150703,9.69892025
France,2022,46000,13800,10329,5455,0.093215,0.338,224200,18100,1,0,7,10.73639679,9.532423973,9.242711067,8.604288101,-2.362175941,-1.081755161,12.32029343,9.803667068
Germany,2015,27000,10800,5310,4837,0.195,0.238,225600,57200,1,0,8,10.2035923,9.287301064,8.577347755,8.484049797,-1.629640579,-1.431291699,12.32651901,10.95430946
Germany,2016,29000,11600,8802,2730,0.194,0.222,224200,56400,1,0,8,10.27505112,9.358760834,9.082734108,7.9120574,-1.634755731,-1.500583529,12.32029343,10.94022465
Germany,2017,32000,12800,9855,3558,0.193,0.209,222300,61900,1,0,8,10.37349129,9.457201004,9.195734024,8.176954269,-1.639897108,-1.560647726,12.31178284,11.0332756
Germany,2018,35000,14000,13540,4683,0.192,0.194,219800,60200,1,0,8,10.46310329,9.546813011,9.513403893,8.451694489,-1.645065069,-1.634755731,12.30047321,11.00542736
Germany,2019,38000,15200,24559,12895,0.191,0.18,214400,55200,1,0,8,10.54534149,9.629051208,10.10883331,9.464594841,-1.650259852,-1.709258199,12.27559853,10.91871834
Germany,2020,41000,16400,39774,16178,0.185,0.167,195600,49200,1,0,8,10.6213274,9.705037117,10.59096909,9.691407204,-1.682008624,-1.783791304,12.1838274,10.80364895
Germany,2021,44000,17600,65551,25581,0.185,0.155,211400,53100,1,0,8,10.69194508,9.775653839,11.0905838,10.1496048,-1.682008624,-1.857899308,12.26150703,10.8799324
Germany,2022,47000,18800,45114,19513,0.1845,0.143,224200,55700,1,0,8,10.7579031,9.841611862,10.71694756,9.878836632,-1.68470037,-1.937942028,12.32029343,10.92773533
Ghana,2015,600,180,0,0,0.164,0.122,1547,241,1,0,9,6.396931171,5.19296217,-6.907755375,-6.907755375,-1.801809788,-2.095571041,7.344073296,5.484801292
Ghana,2016,700,210,0,0,0.151,0.116,1682,289,1,0,9,6.551081657,5.347112179,-6.907755375,-6.907755375,-1.883874774,-2.145581245,7.42773962,5.666429996
Ghana,2017,800,240,0,0,0.135,0.112,1834,342,1,0,9,6.684612751,5.480643272,-6.907755375,-6.907755375,-1.995100379,-2.18036747,7.514255047,5.834813595
Ghana,2018,900,270,0,0,0.125,0.11,1997,387,1,0,9,6.802395821,5.598425865,-6.907755375,-6.907755375,-2.07147336,-2.198225021,7.599401951,5.958427429
Ghana,2019,1000,300,0,0,0.114,0.106,2169,423,1,0,9,6.907756329,5.703785896,-6.907755375,-6.907755375,-2.1628232,-2.234926462,7.682022095,6.047374725
Ghana,2020,1100,330,0,0,0.105,0.101,1872,294,1,0,9,7.00306654,5.799095631,-6.907755375,-6.907755375,-2.244316101,-2.282782555,7.534763336,5.68358326
Ghana,2021,1200,360,750,0,0.102,0.098,2038,325,1,0,9,7.090077877,5.886106968,6.620074749,-6.907755375,-2.273026228,-2.312635422,7.619724751,5.783828259
Ghana,2022,1300,390,0,0,0.1018,0.093,2210,352,1,0,9,7.170120239,5.96614933,-6.907755375,-6.907755375,-2.274969816,-2.364460468,7.700748444,5.863634109
India,2015,30000,11600,305,100,0.154,0.127,351622,2570,1,0,10,10.30895233,9.358760834,5.72031498,4.605180264,-1.864330173,-2.055725098,12.77031231,7.851661682
India,2016,35000,13400,633,300,0.149,0.119,380214,21500,1,0,10,10.46310329,9.503009796,6.450471878,5.703785896,-1.897119999,-2.120263577,12.84848976,9.975808144
India,2017,42000,16100,774,400,0.146,0.111,421345,18800,1,0,10,10.64542484,9.686574936,6.651573181,5.991466999,-1.917322636,-2.18925643,12.95120716,9.841611862
India,2018,51000,19500,1187,800,0.152,0.104,463872,23500,1,0,10,10.83958054,9.878170013,7.079185009,6.684612751,-1.877317309,-2.253794909,13.04736423,10.06475544
India,2019,64000,24400,5733,3500,0.158,0.098,502143,27300,1,0,10,11.06663799,10.10233879,8.65399456,8.160518646,-1.838851094,-2.312635422,13.12664032,10.21464157
India,2020,81000,31100,4165,2200,0.163,0.093,437621,15500,1,0,10,11.30220413,10.34496307,8.334471703,7.696213245,-1.807888865,-2.364460468,12.98910809,9.64859581
India,2021,103000,40000,9458,4100,0.144,0.088,484238,20600,1,0,10,11.54248428,10.59663486,9.154616356,8.318742752,-1.931021571,-2.419118881,13.09033203,9.933046341
India,2022,128000,49700,6185,3400,0.1332,0.083,536987,24100,1,0,10,11.75978565,10.8137598,8.72988224,8.131530762,-2.008424044,-2.476938486,13.1937294,10.08996677
Japan,2015,49700,16400,6124,3110,0.216,0.841,903738,112000,1,0,11,10.8137598,9.705037117,8.719970703,8.042378426,-1.5278579,-0.17197527,13.71429443,11.62625408
Japan,2016,63200,21200,10659,5746,0.212,0.796,856923,108000,1,0,11,11.05405998,9.961756706,9.274160385,8.656259537,-1.546463132,-0.226900607,13.66110325,11.58988667
Japan,2017,84500,28100,18485,10477,0.208,0.731,885762,104000,1,0,11,11.34450722,10.24352455,9.824714661,9.256937981,-1.565420985,-0.311974764,13.69420338,11.55214596
Japan,2018,113800,37900,23867,11823,0.204,0.694,912345,101000,1,0,11,11.64219761,10.54270649,10.08025169,9.377801895,-1.584745288,-0.363843441,13.72377396,11.52287579
Japan,2019,147600,49300,46421,23593,0.2,0.66,939428,97000,1,0,11,11.90226078,10.80567932,10.74550724,10.06870556,-1.604450345,-0.414001435,13.75302601,11.4824667
Japan,2020,183200,61000,51038,25909,0.191,0.627,842432,84000,1,0,11,12.11833382,11.01862907,10.84032536,10.16234589,-1.650259852,-0.465215117,13.64404869,11.3385725
Japan,2021,222300,73500,87422,42869,0.194,0.594,897015,92000,1,0,11,12.31178284,11.20504093,11.37850189,10.66590405,-1.634755731,-0.519193888,13.70682812,11.4295435
Japan,2022,265100,86700,53540,25538,0.196,0.561,945238,1.00E+05,1,0,11,12.48786259,11.37020874,10.88818455,10.14792252,-1.624551535,-0.576253414,13.75919247,11.51292515
Kenya,2015,7500,2500,0,0,0.082,0.114,1881,414,1,0,12,8.922657967,7.824046612,-6.907755375,-6.907755375,-2.488914728,-2.1628232,7.539559364,6.025868416
Kenya,2016,8200,2800,50,0,0.08,0.111,2032,381,1,0,12,9.011889458,7.937375069,3.912043095,-6.907755375,-2.513306141,-2.18925643,7.616776466,5.942801952
Kenya,2017,9000,3100,100,0,0.078,0.108,2193,322,1,0,12,9.104979515,8.039157867,4.605180264,-6.907755375,-2.538307428,-2.216407299,7.693026066,5.774554729
Kenya,2018,9700,3400,150,0,0.076,0.106,2357,357,1,0,12,9.179881096,8.131530762,5.010642052,-6.907755375,-2.563949823,-2.234926462,7.765145302,5.877738476
Kenya,2019,10400,3700,200,0,0.074,0.103,2521,394,1,0,12,9.24956131,8.216088295,5.298322201,-6.907755375,-2.590267181,-2.263364315,7.832411289,5.976353645
Kenya,2020,11100,4000,390,190,0.068,0.098,2294,283,1,0,12,9.314700127,8.294050217,5.96614933,5.247029305,-2.673648834,-2.312635422,7.738052845,5.645450592
Kenya,2021,12200,4300,425,135,0.072,0.096,2486,312,1,0,12,9.409191132,8.366370201,6.052091599,4.905282021,-2.617295742,-2.333044291,7.818430901,5.743006229
Kenya,2022,13300,4600,285,0,0.078266,0.094,2678,365,1,0,12,9.495519638,8.433812141,5.652492523,-6.907755375,-2.534945965,-2.353878498,7.89282608,5.89989996
Liberia,2015,0,0,0,0,0.02,0.022,54,174,0,1,13,-6.907755375,-6.907755375,-6.907755375,-6.907755375,-3.863232851,-3.772261143,3.989002466,5.159060955
Liberia,2016,0,0,0,0,0.019,0.019,47,121,0,1,13,-6.907755375,-6.907755375,-6.907755375,-6.907755375,-3.912023067,-3.912023067,3.850168943,4.795798779
Liberia,2017,0,0,0,0,0.017,0.016,41,87,0,1,13,-6.907755375,-6.907755375,-6.907755375,-6.907755375,-4.017383575,-4.074542046,3.713596344,4.465919495
Liberia,2018,0,0,0,0,0.016,0.013,36,62,0,1,13,-6.907755375,-6.907755375,-6.907755375,-6.907755375,-4.074542046,-4.268697739,3.583546638,4.127150536
Liberia,2019,0,0,0,0,0.015,0.01,33,43,0,1,13,-6.907755375,-6.907755375,-6.907755375,-6.907755375,-4.135166645,-4.509860039,3.496537924,3.761223316
Liberia,2020,0,0,0,0,0.013,0.007,25,28,0,1,13,-6.907755375,-6.907755375,-6.907755375,-6.907755375,-4.268697739,-4.828313828,3.218915939,3.332240105
Liberia,2021,0,0,0,0,0.012,0.004,32,37,0,1,13,-6.907755375,-6.907755375,-6.907755375,-6.907755375,-4.342805862,-5.298317432,3.465767145,3.610944986
Liberia,2022,0,0,0,0,0.011,0.001,39,49,0,1,13,-6.907755375,-6.907755375,-6.907755375,-6.907755375,-4.422848701,-6.214608192,3.663587332,3.891840696
Libya,2015,0,0,0,0,0.17,0.089,1234,117,0,1,14,-6.907755375,-6.907755375,-6.907755375,-6.907755375,-1.766091704,-2.407945633,7.118017197,4.762182713
Libya,2016,0,0,0,0,0.152,0.061,987,95,0,1,14,-6.907755375,-6.907755375,-6.907755375,-6.907755375,-1.877317309,-2.780620813,6.894670963,4.553887367
Libya,2017,0,0,0,0,0.133,0.045,742,79,0,1,14,-6.907755375,-6.907755375,-6.907755375,-6.907755375,-2.00991559,-3.07911396,6.609350681,4.369460583
Libya,2018,0,0,0,0,0.118,0.032,563,62,0,1,14,-6.907755375,-6.907755375,-6.907755375,-6.907755375,-2.12863183,-3.41124773,6.333281517,4.127150536
Libya,2019,0,0,0,0,0.107,0.023,421,48,0,1,14,-6.907755375,-6.907755375,-6.907755375,-6.907755375,-2.225624084,-3.729701519,6.042635441,3.871221781
Libya,2020,0,0,0,0,0.092,0.015,298,36,0,1,14,-6.907755375,-6.907755375,-6.907755375,-6.907755375,-2.375155687,-4.135166645,5.697096825,3.583546638
Libya,2021,0,0,0,0,0.078,0.009,385,45,0,1,14,-6.907755375,-6.907755375,-6.907755375,-6.907755375,-2.538307428,-4.60517025,5.953246117,3.806684732
Libya,2022,0,0,0,0,0.065,0.003,472,53,0,1,14,-6.907755375,-6.907755375,-6.907755375,-6.907755375,-2.718100548,-5.52146101,6.156980991,3.970310688
Malawi,2015,0,0,0,0,0.104,0.082,242,49,0,1,15,-6.907755375,-6.907755375,-6.907755375,-6.907755375,-2.253794909,-2.488914728,5.488941669,3.891840696
Malawi,2016,0,0,0,0,0.106,0.079,227,37,0,1,15,-6.907755375,-6.907755375,-6.907755375,-6.907755375,-2.234926462,-2.525728703,5.424954414,3.610944986
Malawi,2017,0,0,0,0,0.102,0.076,214,28,0,1,15,-6.907755375,-6.907755375,-6.907755375,-6.907755375,-2.273026228,-2.563949823,5.365980625,3.332240105
Malawi,2018,0,0,0,0,0.095,0.073,203,21,0,1,15,-6.907755375,-6.907755375,-6.907755375,-6.907755375,-2.343407154,-2.603690147,5.313210964,3.044569969
Malawi,2019,0,0,0,0,0.087,0.07,195,16,0,1,15,-6.907755375,-6.907755375,-6.907755375,-6.907755375,-2.430418491,-2.645075321,5.273004532,2.772651196
Malawi,2020,0,0,0,0,0.082,0.067,152,12,0,1,15,-6.907755375,-6.907755375,-6.907755375,-6.907755375,-2.488914728,-2.688247681,5.023887157,2.484989882
Malawi,2021,0,0,0,0,0.08,0.064,179,15,0,1,15,-6.907755375,-6.907755375,-6.907755375,-6.907755375,-2.513306141,-2.73336792,5.187391281,2.70811677
Malawi,2022,0,0,0,0,0.082,0.061,206,18,0,1,15,-6.907755375,-6.907755375,-6.907755375,-6.907755375,-2.488914728,-2.780620813,5.327880859,2.890427351
Mexico,2015,15200,5200,650,650,0.171,0.291,57562,35100,1,0,16,9.629051208,8.556413651,6.47697401,6.47697401,-1.76026082,-1.231001496,10.96061802,10.46595669
Mexico,2016,17800,6800,1024,374,0.166,0.274,52231,32500,1,0,16,9.786953926,8.824678421,6.931472778,5.924258709,-1.789761424,-1.290984154,10.86343193,10.38899517
Mexico,2017,20400,8400,500,450,0.161,0.259,50342,30400,1,0,16,9.923290253,9.0359869,6.2146101,6.109249592,-1.820158958,-1.347073674,10.82659531,10.32219791
Mexico,2018,23000,10000,350,350,0.157,0.243,48123,27900,1,0,16,10.04324913,9.2103405,5.857935905,5.857935905,-1.845160246,-1.410587072,10.78151512,10.23638153
Mexico,2019,25600,11600,2590,1240,0.153,0.228,46213,25100,1,0,16,10.15034771,9.358760834,7.859413624,7.122867584,-1.870802641,-1.474033237,10.74101639,10.13062286
Mexico,2020,28200,13200,3600,1800,0.146,0.213,39341,21200,1,0,16,10.24707699,9.48797226,8.188689232,7.495542526,-1.917322636,-1.54177928,10.58002281,9.961756706
Mexico,2021,30800,14800,2250,1550,0.157,0.198,43782,24300,1,0,16,10.33526993,9.60238266,7.718686104,7.346010685,-1.845160246,-1.614450455,10.68697834,10.09823132
Mexico,2022,33400,16400,3310,1410,0.163,0.183,48123,26900,1,0,16,10.41631126,9.705037117,8.104703903,7.251345634,-1.807888865,-1.692819476,10.78151512,10.19988155
Morocco,2015,1820,560,0,0,0.161,0.111,4823,1342,1,0,17,7.506592274,6.327938557,-6.907755375,-6.907755375,-1.820158958,-2.18925643,8.481151581,7.201917171
Morocco,2016,1980,620,0,0,0.159,0.109,5017,1514,1,0,17,7.590852737,6.429720879,-6.907755375,-6.907755375,-1.83258152,-2.207274914,8.520587921,7.322511196
Morocco,2017,2140,700,0,0,0.162,0.107,5223,1683,1,0,17,7.668561459,6.551081657,-6.907755375,-6.907755375,-1.814005136,-2.225624084,8.560827255,7.428333759
Morocco,2018,2300,780,0,0,0.164,0.105,5438,1824,1,0,17,7.740664959,6.659295082,-6.907755375,-6.907755375,-1.801809788,-2.244316101,8.601166725,7.508787632
Morocco,2019,2460,860,0,0,0.166,0.103,5664,2012,1,0,17,7.807917118,6.756933689,-6.907755375,-6.907755375,-1.789761424,-2.263364315,8.641885757,7.606884956
Morocco,2020,2620,940,0,0,0.158,0.101,4961,1423,1,0,17,7.870930195,6.845880985,-6.907755375,-6.907755375,-1.838851094,-2.282782555,8.509363174,7.260523319
Morocco,2021,2780,1020,381,100,0.161,0.099,5258,1638,1,0,17,7.930206776,6.927558899,5.942801952,4.605180264,-1.820158958,-2.302585125,8.567505836,7.401231766
Morocco,2022,2940,1100,0,0,0.163,0.097,5559,1821,1,0,17,7.986165047,7.00306654,-6.907755375,-6.907755375,-1.807888865,-2.322787762,8.623173714,7.50714159
Mozambique,2015,0,0,0,0,0.077,0.114,724,1142,0,1,18,-6.907755375,-6.907755375,-6.907755375,-6.907755375,-2.551046371,-2.1628232,6.584792614,7.040537357
Mozambique,2016,0,0,0,0,0.072,0.092,658,923,0,1,18,-6.907755375,-6.907755375,-6.907755375,-6.907755375,-2.617295742,-2.375155687,6.489206314,6.82763052
Mozambique,2017,0,0,0,0,0.067,0.075,602,784,0,1,18,-6.907755375,-6.907755375,-6.907755375,-6.907755375,-2.688247681,-2.577021837,6.400259018,6.664410114
Mozambique,2018,0,0,0,0,0.071,0.061,559,621,0,1,18,-6.907755375,-6.907755375,-6.907755375,-6.907755375,-2.631089211,-2.780620813,6.326151371,6.431332588
Mozambique,2019,0,0,0,0,0.074,0.05,525,482,0,1,18,-6.907755375,-6.907755375,-6.907755375,-6.907755375,-2.590267181,-2.975929737,6.263400078,6.177946091
Mozambique,2020,0,0,0,0,0.072,0.042,398,342,0,1,18,-6.907755375,-6.907755375,-6.907755375,-6.907755375,-2.617295742,-3.146555185,5.986454487,5.834813595
Mozambique,2021,0,0,0,0,0.078,0.035,473,423,0,1,18,-6.907755375,-6.907755375,-6.907755375,-6.907755375,-2.538307428,-3.324236393,6.159097672,6.047374725
Mozambique,2022,0,0,0,0,0.08,0.029,548,512,0,1,18,-6.907755375,-6.907755375,-6.907755375,-6.907755375,-2.513306141,-3.506557941,6.306277275,6.23832655
Netherlands,2015,3800,1140,2299,1957,0.155,0.432,59572,46300,1,0,19,8.242756844,7.038784504,7.740230083,7.57916832,-1.857899308,-0.837017536,10.99494076,10.74289703
Netherlands,2016,4200,1260,1999,1707,0.158,0.398,58231,38700,1,0,19,8.342840195,7.138867855,7.600402832,7.442493439,-1.838851094,-0.918793857,10.97217274,10.56359482
Netherlands,2017,4600,1380,1851,1459,0.161,0.371,60342,35100,1,0,19,8.433812141,7.229839325,7.523481846,7.285507202,-1.820158958,-0.988861442,11.00778389,10.46595669
Netherlands,2018,5000,1500,2733,2432,0.164,0.35,62123,33200,1,0,19,8.517193794,7.313220978,7.913155556,7.796469688,-1.801809788,-1.046969056,11.03687191,10.41030502
Netherlands,2019,5400,1620,4564,2873,0.167,0.326,60213,29400,1,0,19,8.594154358,7.390182018,8.425954819,7.963112354,-1.783791304,-1.11779511,11.00564384,10.28874969
Netherlands,2020,5800,1740,28112,4544,0.162,0.305,52341,21200,1,0,19,8.665613174,7.461640835,10.2439518,8.421563148,-1.814005136,-1.184170127,10.86553574,9.961756706
Netherlands,2021,6200,1860,11141,4906,0.165,0.284,56782,27800,1,0,19,8.732304573,7.528332233,9.318387032,8.498214722,-1.795767546,-1.25526607,10.94697475,10.23279095
Netherlands,2022,6600,1980,6201,3413,0.168,0.262,61123,32100,1,0,19,8.794825554,7.590852737,8.732465744,8.135347366,-1.777856588,-1.335601211,11.02064323,10.37661171
Nigeria,2015,3500,1050,0,0,0.112,0.093,3407,1214,1,0,20,8.160518646,6.956546307,-6.907755375,-6.907755375,-2.18036747,-2.364460468,8.133587837,7.101676941
Nigeria,2016,3800,1140,0,0,0.098,0.085,3122,884,1,0,20,8.242756844,7.038784504,-6.907755375,-6.907755375,-2.312635422,-2.453408003,8.046229362,6.78445816
Nigeria,2017,4100,1230,150,0,0.104,0.078,2798,576,1,0,20,8.318742752,7.114770412,5.010642052,-6.907755375,-2.253794909,-2.538307428,7.93666029,6.356109619
Nigeria,2018,4400,1320,0,0,0.113,0.072,2543,519,1,0,20,8.389360428,7.185387611,-6.907755375,-6.907755375,-2.17155695,-2.617295742,7.841100216,6.251905918
Nigeria,2019,4700,1410,145,0,0.124,0.067,2321,534,1,0,20,8.455318451,7.251345634,4.976740837,-6.907755375,-2.079441547,-2.688247681,7.749753952,6.280397892
Nigeria,2020,5000,1500,81.2,0,0.149,0.056,1847,371,1,0,20,8.517193794,7.313220978,4.396927357,-6.907755375,-1.897119999,-2.864703894,7.521318436,5.916204929
Nigeria,2021,5300,1590,125,0,0.142,0.052,2102,392,1,0,20,8.575462341,7.371490002,4.828321934,-6.907755375,-1.944910645,-2.937463284,7.650645256,5.971264362
Nigeria,2022,5600,1680,100,0,0.1359,0.048,2356,423,1,0,20,8.630521774,7.426549435,4.605180264,-6.907755375,-1.988504529,-3.015934944,7.764720917,6.047374725
Rwanda,2015,265,110,0,0,0.075,0.171,296.3,72,1,0,21,5.579733372,4.700489521,-6.907755375,-6.907755375,-2.577021837,-1.76026082,5.691375732,4.276679993
Rwanda,2016,320,126,0,0,0.08,0.179,352.7,82,1,0,21,5.768323898,4.836289883,-6.907755375,-6.907755375,-2.513306141,-1.71479845,5.865620613,4.406731606
Rwanda,2017,410,155,150,0,0.082,0.192,403.8,101,1,0,21,6.016159534,5.043431759,5.010642052,-6.907755375,-2.488914728,-1.645065069,6.000922203,4.615130424
Rwanda,2018,530,196,0,0,0.085,0.194,451.8,123,1,0,21,6.272879124,5.278119564,-6.907755375,-6.907755375,-2.453408003,-1.634755731,6.113241673,4.81219244
Rwanda,2019,680,253,0,0,0.09,0.182,503.9,154,1,0,21,6.52209425,5.533393383,-6.907755375,-6.907755375,-2.396895885,-1.698269129,6.222379684,5.036959171
Rwanda,2020,860,326,0,0,0.08,0.161,393.4,98,1,0,21,6.756933689,5.78690052,-6.907755375,-6.907755375,-2.513306141,-1.820158958,5.974829674,4.584977627
Rwanda,2021,1070,421,0,0,0.09,0.143,465.4,124,1,0,21,6.975414753,6.042635441,-6.907755375,-6.907755375,-2.396895885,-1.937942028,6.142899513,4.820289612
Rwanda,2022,1310,538,0,0,0.099068,0.138,527.4,142,1,0,21,7.177783012,6.287860394,-6.907755375,-6.907755375,-2.301905394,-1.973281384,6.267961025,4.955833912
Senegal,2015,800,240,0,0,0.144,0.055,625.5,287,1,0,22,6.684612751,5.480643272,-6.907755375,-6.907755375,-1.931021571,-2.882403612,6.438552856,5.659485817
Senegal,2016,900,270,0,0,0.152,0.058,674.7,324,1,0,22,6.802395821,5.598425865,-6.907755375,-6.907755375,-1.877317309,-2.830217838,6.514269829,5.78074646
Senegal,2017,1000,300,0,0,0.15,0.062,728.2,372,1,0,22,6.907756329,5.703785896,-6.907755375,-6.907755375,-1.890475392,-2.764620543,6.590577126,5.918896675
Senegal,2018,1100,330,90,0,0.145,0.059,785.9,412,1,0,22,7.00306654,5.799095631,4.499820709,-6.907755375,-1.924148679,-2.813410759,6.666831017,6.021025658
Senegal,2019,1200,360,0,0,0.148,0.061,847.8,454,1,0,22,7.090077877,5.886106968,-6.907755375,-6.907755375,-1.903808951,-2.780620813,6.742645741,6.118099213
Senegal,2020,1300,390,0,0,0.146,0.058,753.9,342,1,0,22,7.170120239,5.96614933,-6.907755375,-6.907755375,-1.917322636,-2.830217838,6.62526083,5.834813595
Senegal,2021,1400,420,0,0,0.147,0.064,818.2,361,1,0,22,7.244228363,6.040256977,-6.907755375,-6.907755375,-1.910542965,-2.73336792,6.707108021,5.88888073
Senegal,2022,1500,450,0,0,0.151,0.067,886.7,384,1,0,22,7.313220978,6.109249592,-6.907755375,-6.907755375,-1.883874774,-2.688247681,6.787508011,5.95064497
Sierra Leone,2015,0,0,0,0,0.055,0.025,32,43,0,1,23,-6.907755375,-6.907755375,-6.907755375,-6.907755375,-2.882403612,-3.64965868,3.465767145,3.761223316
Sierra Leone,2016,0,0,0,0,0.049,0.032,28,28,0,1,23,-6.907755375,-6.907755375,-6.907755375,-6.907755375,-2.995732307,-3.41124773,3.332240105,3.332240105
Sierra Leone,2017,0,0,0,0,0.044,0.034,24,19,0,1,23,-6.907755375,-6.907755375,-6.907755375,-6.907755375,-3.101092815,-3.352407217,3.178095579,2.944491625
Sierra Leone,2018,0,0,0,0,0.04,0.041,21,14,0,1,23,-6.907755375,-6.907755375,-6.907755375,-6.907755375,-3.194183111,-3.170085669,3.044569969,2.639128685
Sierra Leone,2019,0,0,0,0,0.038,0.048,19,10,0,1,23,-6.907755375,-6.907755375,-6.907755375,-6.907755375,-3.244193554,-3.015934944,2.944491625,2.302685022
Sierra Leone,2020,0,0,0,0,0.036,0.054,14,7,0,1,23,-6.907755375,-6.907755375,-6.907755375,-6.907755375,-3.29683733,-2.900422096,2.639128685,1.946053028
Sierra Leone,2021,0,0,0,0,0.02,0.06,17,8,0,1,23,-6.907755375,-6.907755375,-6.907755375,-6.907755375,-3.863232851,-2.796881437,2.833272219,2.079566479
Sierra Leone,2022,0,0,0,0,0.022,0.067,20,9,0,1,23,-6.907755375,-6.907755375,-6.907755375,-6.907755375,-3.772261143,-2.688247681,2.995782375,2.19733572
Somalia,2015,0,0,0,0,0.044,0.016,124,21,0,1,24,-6.907755375,-6.907755375,-6.907755375,-6.907755375,-3.101092815,-4.074542046,4.820289612,3.044569969
Somalia,2016,0,0,0,0,0.04,0.019,101,18,0,1,24,-6.907755375,-6.907755375,-6.907755375,-6.907755375,-3.194183111,-3.912023067,4.615130424,2.890427351
Somalia,2017,0,0,0,0,0.04,0.022,83,14,0,1,24,-6.907755375,-6.907755375,-6.907755375,-6.907755375,-3.194183111,-3.772261143,4.418852806,2.639128685
Somalia,2018,0,0,0,0,0.04,0.025,72,12,0,1,24,-6.907755375,-6.907755375,-6.907755375,-6.907755375,-3.194183111,-3.64965868,4.276679993,2.484989882
Somalia,2019,0,0,0,0,0.04,0.028,65,9,0,1,24,-6.907755375,-6.907755375,-6.907755375,-6.907755375,-3.194183111,-3.540459394,4.174402714,2.19733572
Somalia,2020,0,0,0,0,0.04,0.031,48,7,0,1,24,-6.907755375,-6.907755375,-6.907755375,-6.907755375,-3.194183111,-3.442019463,3.871221781,1.946053028
Somalia,2021,0,0,0,0,0.04,0.034,61,9,0,1,24,-6.907755375,-6.907755375,-6.907755375,-6.907755375,-3.194183111,-3.352407217,4.110890388,2.19733572
Somalia,2022,0,0,0,0,0.02,0.037,74,11,0,1,24,-6.907755375,-6.907755375,-6.907755375,-6.907755375,-3.863232851,-3.27016902,4.304078579,2.397986174
South Africa,2015,2340,840,3000,0,0.128,0.246,10575,3942,1,0,25,7.757906437,6.733403206,8.006367683,-6.907755375,-2.047942877,-1.398366928,9.266247749,8.279443741
South Africa,2016,2580,920,2800,0,0.124,0.231,10009,3521,1,0,25,7.855545044,6.824374676,7.937375069,-6.907755375,-2.079441547,-1.461017966,9.211239815,8.166501045
South Africa,2017,2820,1010,1800,0,0.119,0.217,9368,2823,1,0,25,7.94449234,6.91770649,7.495542526,-6.907755375,-2.120263577,-1.523260236,9.145054817,7.945555687
South Africa,2018,3060,1100,1500,500,0.116,0.202,9109,2437,1,0,25,8.026170731,7.00306654,7.313220978,6.2146101,-2.145581245,-1.594549298,9.1170187,7.798523426
South Africa,2019,3300,1190,5700,1300,0.114,0.188,8816,2214,1,0,25,8.101677895,7.081709385,8.64822197,7.170120239,-2.1628232,-1.666008234,9.084323883,7.70255661
South Africa,2020,3540,1280,2500,1200,0.107,0.172,7380,1584,1,0,25,8.171882629,7.154616356,7.824046612,7.090077877,-2.225624084,-1.754463673,8.906529427,7.36770916
South Africa,2021,3780,1370,4100,1400,0.112,0.157,7714,1832,1,0,25,8.23747921,7.222566605,8.318742752,7.244228363,-2.18036747,-1.845160246,8.950792313,7.513164043
South Africa,2022,4020,1460,4235,1483,0.116,0.143,8092,2143,1,0,25,8.29903698,7.286192417,8.351139069,7.301823139,-2.145581245,-1.937942028,8.998631477,7.669962406
South Sudan,2015,0,0,0,0,0.04,0.032,236,42,0,1,26,-6.907755375,-6.907755375,-6.907755375,-6.907755375,-3.194183111,-3.41124773,5.463836193,3.73769331
South Sudan,2016,0,0,0,0,0.038,0.029,189,32,0,1,26,-6.907755375,-6.907755375,-6.907755375,-6.907755375,-3.244193554,-3.506557941,5.241752148,3.465767145
South Sudan,2017,0,0,0,0,0.035,0.026,152,24,0,1,26,-6.907755375,-6.907755375,-6.907755375,-6.907755375,-3.324236393,-3.611918449,5.023887157,3.178095579
South Sudan,2018,0,0,0,0,0.032,0.023,123,18,0,1,26,-6.907755375,-6.907755375,-6.907755375,-6.907755375,-3.41124773,-3.729701519,4.81219244,2.890427351
South Sudan,2019,0,0,0,0,0.028,0.02,102,14,0,1,26,-6.907755375,-6.907755375,-6.907755375,-6.907755375,-3.540459394,-3.863232851,4.624982834,2.639128685
South Sudan,2020,0,0,0,0,0.024,0.017,74,10,0,1,26,-6.907755375,-6.907755375,-6.907755375,-6.907755375,-3.68887949,-4.017383575,4.304078579,2.302685022
South Sudan,2021,0,0,0,0,0.025,0.014,93,12,0,1,26,-6.907755375,-6.907755375,-6.907755375,-6.907755375,-3.64965868,-4.199705124,4.532610416,2.484989882
South Sudan,2022,0,0,0,0,0.023,0.011,112,15,0,1,26,-6.907755375,-6.907755375,-6.907755375,-6.907755375,-3.729701519,-4.422848701,4.718507767,2.70811677
Sudan,2015,0,0,0,0,0.092,0.084,1823,254,0,1,27,-6.907755375,-6.907755375,-6.907755375,-6.907755375,-2.375155687,-2.465104103,7.508239269,5.537338257
Sudan,2016,0,0,0,0,0.079,0.078,1538,182,0,1,27,-6.907755375,-6.907755375,-6.907755375,-6.907755375,-2.525728703,-2.538307428,7.338238716,5.204012394
Sudan,2017,0,0,0,0,0.072,0.072,1274,143,0,1,27,-6.907755375,-6.907755375,-6.907755375,-6.907755375,-2.617295742,-2.617295742,7.149917603,4.962851524
Sudan,2018,0,0,0,0,0.067,0.066,1062,121,0,1,27,-6.907755375,-6.907755375,-6.907755375,-6.907755375,-2.688247681,-2.703062773,6.96791029,4.795798779
Sudan,2019,0,0,0,0,0.064,0.06,902,92,0,1,27,-6.907755375,-6.907755375,-6.907755375,-6.907755375,-2.73336792,-2.796881437,6.804615498,4.521799564
Sudan,2020,0,0,0,0,0.058,0.054,683,54,0,1,27,-6.907755375,-6.907755375,-6.907755375,-6.907755375,-2.830217838,-2.900422096,6.52649641,3.989002466
Sudan,2021,0,0,0,0,0.053,0.048,827,62,0,1,27,-6.907755375,-6.907755375,-6.907755375,-6.907755375,-2.918771267,-3.015934944,6.717805862,4.127150536
Sudan,2022,0,0,0,0,0.049,0.042,971,74,0,1,27,-6.907755375,-6.907755375,-6.907755375,-6.907755375,-2.995732307,-3.146555185,6.87832737,4.304078579
USA,2015,23500,6200,37500,13400,0.123,0.146,504300,236400,1,0,28,10.06475544,8.732304573,10.53209591,9.503009796,-2.087473631,-1.917322636,13.13092709,12.37328053
USA,2016,27200,7500,47200,31800,0.12,0.138,472500,209600,1,0,28,10.21097183,8.922657967,10.76214886,10.36722183,-2.111964703,-1.973281384,13.06579304,12.25295639
USA,2017,32100,8900,57300,44900,0.119,0.132,463400,192700,1,0,28,10.37661171,9.093806267,10.95605564,10.71219349,-2.120263577,-2.017406225,13.04634571,12.16889
USA,2018,38400,10400,65800,53900,0.117,0.126,432100,181400,1,0,28,10.55581284,9.24956131,11.09437466,10.89488602,-2.137070656,-2.063568115,12.97641277,12.10845947
USA,2019,45300,12300,81700,77200,0.115,0.121,415300,159300,1,0,28,10.72106266,9.417354584,11.31080914,11.25415516,-2.15416503,-2.103734255,12.93675613,11.97854424
USA,2020,53200,14200,106600,102400,0.109,0.115,342800,126600,1,0,28,10.881814,9.560997009,11.57683849,11.53664207,-2.207274914,-2.15416503,12.74490261,11.74878788
USA,2021,62100,16100,156700,141500,0.11,0.11,394200,147100,1,0,28,11.03650093,9.686574936,11.96208858,11.86005497,-2.198225021,-2.198225021,12.88461399,11.89886761
USA,2022,72000,18000,93100,68600,0.111,0.104,421900,169400,1,0,28,11.18442154,9.798127174,11.44142914,11.13604736,-2.18925643,-2.253794909,12.95252323,12.04001808
United Kingdom,2015,42400,16960,2726,2216,0.102,0.734,110500,39700,1,0,29,10.65490341,9.738613129,7.910591125,7.703459263,-2.273026228,-0.307884783,11.61277103,10.58910656
United Kingdom,2016,46300,18520,3889,3548,0.103,0.692,103700,37200,1,0,29,10.74289703,9.82660675,8.265907288,8.174139977,-2.263364315,-0.366725266,11.54925728,10.52406406
United Kingdom,2017,51100,20440,5256,4923,0.104,0.655,106500,32400,1,0,29,10.84153938,9.9252491,8.56712532,8.501673698,-2.253794909,-0.421594501,11.57590008,10.38591385
United Kingdom,2018,56900,22760,8128,1614,0.103,0.623,104300,28100,1,0,29,10.9490509,10.03275967,9.003069878,7.386471272,-2.263364315,-0.471604913,11.55502701,10.24352455
United Kingdom,2019,63700,25480,14491,1127,0.102,0.596,97900,24300,1,0,29,11.06194019,10.14564896,9.581283569,7.027315617,-2.273026228,-0.515838146,11.49170208,10.09823132
United Kingdom,2020,71500,28600,19714,2509,0.099,0.568,76600,18200,1,0,29,11.17745304,10.2611618,9.889084816,7.827640057,-2.302585125,-0.563874841,11.2463522,9.809177399
United Kingdom,2021,80300,31720,32087,3362,0.102,0.541,87800,20100,1,0,29,11.29352474,10.36470318,10.3762064,8.12029171,-2.273026228,-0.612489283,11.38281631,9.908474922
United Kingdom,2022,89100,34840,25812,1201,0.103,0.514,94200,19800,1,0,29,11.39751434,10.45852184,10.15859509,7.090910435,-2.263364315,-0.663588405,11.45317554,9.893437386
Zambia,2015,0,0,0,0,0.106,0.117,1042,321,0,1,30,-6.907755375,-6.907755375,-6.907755375,-6.907755375,-2.234926462,-2.137070656,6.948898315,5.771444321
Zambia,2016,0,0,0,0,0.104,0.112,917,284,0,1,30,-6.907755375,-6.907755375,-6.907755375,-6.907755375,-2.253794909,-2.18036747,6.821108341,5.648977757
Zambia,2017,0,0,0,0,0.102,0.107,823,243,0,1,30,-6.907755375,-6.907755375,-6.907755375,-6.907755375,-2.273026228,-2.225624084,6.712957382,5.493065357
Zambia,2018,0,0,0,0,0.098,0.102,752,202,0,1,30,-6.907755375,-6.907755375,-6.907755375,-6.907755375,-2.312635422,-2.273026228,6.622737885,5.308272839
Zambia,2019,0,0,0,0,0.094,0.097,694,162,0,1,30,-6.907755375,-6.907755375,-6.907755375,-6.907755375,-2.353878498,-2.322787762,6.542473316,5.087602615
Zambia,2020,0,0,0,0,0.088,0.092,542,121,0,1,30,-6.907755375,-6.907755375,-6.907755375,-6.907755375,-2.419118881,-2.375155687,6.295268059,4.795798779
Zambia,2021,0,0,0,0,0.082,0.087,627,142,0,1,30,-6.907755375,-6.907755375,-6.907755375,-6.907755375,-2.488914728,-2.430418491,6.440948009,4.955833912
Zambia,2022,0,0,0,0,0.08,0.082,712,163,0,1,30,-6.907755375,-6.907755375,-6.907755375,-6.907755375,-2.513306141,-2.488914728,6.568079472,5.093756199
Zimbabwe,2015,0,0,0,0,0.114,0.083,483,102,0,1,31,-6.907755375,-6.907755375,-6.907755375,-6.907755375,-2.1628232,-2.476938486,6.180018902,4.624982834
Zimbabwe,2016,0,0,0,0,0.111,0.065,412,78,0,1,31,-6.907755375,-6.907755375,-6.907755375,-6.907755375,-2.18925643,-2.718100548,6.021025658,4.356721878
Zimbabwe,2017,0,0,0,0,0.108,0.051,356,54,0,1,31,-6.907755375,-6.907755375,-6.907755375,-6.907755375,-2.216407299,-2.956511497,5.87493372,3.989002466
Zimbabwe,2018,0,0,0,0,0.105,0.042,314,42,0,1,31,-6.907755375,-6.907755375,-6.907755375,-6.907755375,-2.244316101,-3.146555185,5.749396324,3.73769331
Zimbabwe,2019,0,0,0,0,0.102,0.036,282,32,0,1,31,-6.907755375,-6.907755375,-6.907755375,-6.907755375,-2.273026228,-3.29683733,5.641910553,3.465767145
Zimbabwe,2020,0,0,0,0,0.098,0.031,220,24,0,1,31,-6.907755375,-6.907755375,-6.907755375,-6.907755375,-2.312635422,-3.442019463,5.393631935,3.178095579
Zimbabwe,2021,0,0,0,0,0.094,0.027,258,31,0,1,31,-6.907755375,-6.907755375,-6.907755375,-6.907755375,-2.353878498,-3.575550795,5.552963257,3.434019566
Zimbabwe,2022,0,0,0,0,0.09,0.022,296,39,0,1,31,-6.907755375,-6.907755375,-6.907755375,-6.907755375,-2.396895885,-3.772261143,5.69036293,3.663587332
